fragment_id,behavior_id
0,13
1,3
2,6
3,6
4,18
5,12
6,13
7,3
8,2
9,8
10,8
11,6
12,2
13,7
14,5
15,2
16,6
17,18
18,16
19,15
20,15
21,0
22,6
23,6
24,15
25,7
26,8
27,3
28,6
29,8
30,4
31,2
32,12
33,18
34,5
35,0
36,13
37,15
38,5
39,1
40,12
41,12
42,10
43,1
44,7
45,17
46,17
47,6
48,11
49,6
50,16
51,17
52,3
53,1
54,3
55,12
56,15
57,11
58,12
59,17
60,10
61,16
62,3
63,18
64,9
65,18
66,12
67,6
68,10
69,7
70,12
71,1
72,5
73,12
74,9
75,13
76,6
77,0
78,17
79,9
80,2
81,18
82,18
83,2
84,6
85,11
86,13
87,8
88,8
89,0
90,17
91,9
92,1
93,12
94,5
95,18
96,17
97,8
98,0
99,17
100,9
101,16
102,16
103,13
104,9
105,6
106,10
107,8
108,0
109,11
110,1
111,6
112,18
113,6
114,12
115,6
116,18
117,1
118,12
119,3
120,4
121,15
122,6
123,12
124,15
125,18
126,12
127,13
128,12
129,6
130,6
131,16
132,3
133,2
134,4
135,15
136,14
137,4
138,6
139,5
140,15
141,16
142,1
143,8
144,6
145,11
146,15
147,6
148,11
149,3
150,1
151,3
152,5
153,6
154,2
155,6
156,12
157,18
158,18
159,1
160,17
161,0
162,7
163,1
164,16
165,5
166,10
167,12
168,12
169,11
170,1
171,11
172,7
173,9
174,0
175,4
176,7
177,11
178,17
179,6
180,2
181,4
182,12
183,5
184,4
185,1
186,2
187,0
188,15
189,17
190,12
191,12
192,4
193,4
194,1
195,12
196,0
197,4
198,5
199,6
200,6
201,8
202,11
203,6
204,14
205,15
206,6
207,8
208,6
209,11
210,2
211,12
212,8
213,5
214,6
215,12
216,1
217,4
218,13
219,2
220,8
221,4
222,6
223,18
224,5
225,10
226,10
227,6
228,4
229,12
230,9
231,5
232,5
233,7
234,16
235,11
236,4
237,6
238,6
239,2
240,6
241,4
242,6
243,7
244,11
245,7
246,6
247,4
248,0
249,7
250,12
251,12
252,6
253,15
254,16
255,4
256,18
257,6
258,5
259,6
260,2
261,9
262,6
263,13
264,12
265,12
266,6
267,8
268,7
269,8
270,5
271,6
272,12
273,6
274,2
275,4
276,18
277,1
278,0
279,15
280,1
281,1
282,10
283,3
284,6
285,8
286,7
287,5
288,14
289,11
290,1
291,3
292,14
293,6
294,6
295,0
296,4
297,15
298,16
299,6
300,17
301,5
302,12
303,1
304,15
305,15
306,7
307,16
308,2
309,11
310,13
311,5
312,16
313,10
314,15
315,4
316,11
317,3
318,4
319,13
320,12
321,15
322,1
323,17
324,12
325,13
326,14
327,11
328,6
329,4
330,0
331,6
332,5
333,1
334,4
335,12
336,17
337,11
338,8
339,6
340,5
341,1
342,8
343,5
344,16
345,12
346,12
347,16
348,2
349,7
350,3
351,18
352,4
353,16
354,17
355,6
356,5
357,4
358,0
359,6
360,15
361,15
362,6
363,6
364,15
365,15
366,15
367,12
368,1
369,3
370,6
371,1
372,15
373,4
374,17
375,8
376,8
377,5
378,0
379,0
380,18
381,6
382,1
383,6
384,1
385,12
386,17
387,1
388,12
389,15
390,0
391,1
392,12
393,1
394,1
395,1
396,12
397,1
398,13
399,13
400,2
401,12
402,0
403,0
404,15
405,3
406,4
407,16
408,12
409,12
410,1
411,7
412,18
413,3
414,18
415,1
416,3
417,3
418,8
419,7
420,1
421,3
422,4
423,11
424,5
425,12
426,8
427,6
428,14
429,5
430,9
431,5
432,16
433,12
434,4
435,0
436,8
437,1
438,11
439,6
440,5
441,17
442,6
443,18
444,5
445,1
446,11
447,10
448,6
449,6
450,18
451,4
452,3
453,12
454,16
455,16
456,12
457,11
458,12
459,10
460,9
461,7
462,12
463,3
464,6
465,6
466,18
467,16
468,10
469,18
470,12
471,4
472,4
473,0
474,12
475,4
476,5
477,0
478,12
479,4
480,1
481,11
482,11
483,6
484,16
485,3
486,13
487,5
488,2
489,14
490,7
491,11
492,2
493,6
494,0
495,16
496,2
497,11
498,0
499,5
500,4
501,15
502,0
503,12
504,10
505,8
506,2
507,12
508,12
509,2
510,1
511,12
512,3
513,8
514,15
515,8
516,5
517,12
518,10
519,9
520,15
521,12
522,4
523,6
524,13
525,1
526,7
527,4
528,0
529,3
530,3
531,11
532,11
533,5
534,13
535,0
536,2
537,11
538,0
539,1
540,11
541,6
542,9
543,16
544,18
545,6
546,16
547,16
548,1
549,4
550,4
551,6
552,2
553,6
554,6
555,1
556,2
557,1
558,11
559,12
560,8
561,1
562,8
563,4
564,0
565,12
566,12
567,6
568,4
569,6
570,1
571,12
572,15
573,16
574,6
575,17
576,4
577,0
578,10
579,2
580,11
581,15
582,0
583,12
584,18
585,1
586,1
587,13
588,5
589,18
590,1
591,8
592,4
593,17
594,15
595,6
596,3
597,15
598,7
599,7
600,1
601,1
602,6
603,18
604,2
605,17
606,6
607,11
608,16
609,11
610,15
611,9
612,6
613,1
614,2
615,6
616,8
617,18
618,18
619,4
620,0
621,1
622,6
623,8
624,16
625,11
626,5
627,7
628,9
629,1
630,14
631,11
632,2
633,2
634,6
635,5
636,17
637,2
638,5
639,15
640,11
641,7
642,11
643,8
644,12
645,6
646,1
647,4
648,0
649,1
650,13
651,0
652,6
653,0
654,1
655,8
656,6
657,12
658,12
659,13
660,12
661,5
662,12
663,14
664,1
665,8
666,6
667,6
668,6
669,9
670,10
671,15
672,6
673,8
674,6
675,1
676,0
677,10
678,11
679,6
680,6
681,12
682,12
683,1
684,8
685,15
686,7
687,12
688,1
689,16
690,15
691,5
692,0
693,10
694,7
695,15
696,15
697,4
698,16
699,4
700,18
701,2
702,12
703,12
704,12
705,8
706,15
707,6
708,3
709,16
710,1
711,12
712,2
713,4
714,16
715,7
716,5
717,3
718,1
719,2
720,7
721,17
722,1
723,18
724,11
725,0
726,12
727,4
728,13
729,6
730,1
731,17
732,15
733,1
734,1
735,1
736,6
737,14
738,18
739,1
740,16
741,6
742,1
743,12
744,6
745,10
746,4
747,8
748,1
749,12
750,12
751,9
752,4
753,8
754,8
755,9
756,8
757,1
758,1
759,5
760,5
761,12
762,7
763,9
764,6
765,10
766,12
767,12
768,0
769,8
770,4
771,18
772,9
773,0
774,6
775,14
776,0
777,18
778,12
779,15
780,4
781,9
782,13
783,8
784,16
785,12
786,12
787,8
788,7
789,13
790,1
791,3
792,11
793,12
794,5
795,4
796,10
797,9
798,15
799,12
800,7
801,10
802,7
803,0
804,5
805,18
806,9
807,11
808,1
809,6
810,11
811,13
812,12
813,2
814,5
815,11
816,1
817,5
818,16
819,7
820,15
821,11
822,10
823,15
824,0
825,15
826,5
827,12
828,4
829,6
830,1
831,17
832,18
833,16
834,2
835,16
836,0
837,12
838,7
839,2
840,0
841,2
842,11
843,2
844,12
845,1
846,0
847,11
848,0
849,3
850,14
851,16
852,4
853,13
854,12
855,3
856,18
857,15
858,1
859,6
860,0
861,5
862,13
863,5
864,13
865,2
866,13
867,3
868,16
869,9
870,12
871,7
872,1
873,9
874,17
875,1
876,12
877,11
878,5
879,0
880,6
881,15
882,15
883,1
884,0
885,6
886,6
887,2
888,15
889,8
890,13
891,11
892,0
893,16
894,13
895,0
896,2
897,11
898,11
899,1
900,16
901,2
902,18
903,12
904,5
905,15
906,15
907,0
908,12
909,11
910,16
911,11
912,17
913,6
914,8
915,4
916,0
917,4
918,11
919,6
920,16
921,10
922,11
923,15
924,16
925,2
926,12
927,6
928,0
929,12
930,16
931,1
932,11
933,4
934,0
935,11
936,9
937,8
938,10
939,0
940,4
941,16
942,12
943,14
944,1
945,13
946,0
947,6
948,11
949,6
950,1
951,14
952,0
953,0
954,13
955,6
956,4
957,1
958,2
959,1
960,5
961,3
962,6
963,0
964,4
965,1
966,5
967,8
968,8
969,1
970,15
971,6
972,0
973,12
974,6
975,7
976,13
977,8
978,0
979,0
980,13
981,13
982,3
983,9
984,0
985,12
986,4
987,11
988,5
989,15
990,6
991,12
992,0
993,2
994,12
995,6
996,16
997,16
998,18
999,15
1000,4
1001,4
1002,1
1003,12
1004,5
1005,9
1006,15
1007,11
1008,7
1009,9
1010,18
1011,15
1012,6
1013,8
1014,6
1015,4
1016,4
1017,6
1018,12
1019,8
1020,5
1021,15
1022,1
1023,14
1024,1
1025,3
1026,1
1027,7
1028,12
1029,4
1030,12
1031,5
1032,13
1033,5
1034,9
1035,13
1036,8
1037,12
1038,1
1039,1
1040,12
1041,1
1042,1
1043,8
1044,1
1045,1
1046,6
1047,1
1048,4
1049,17
1050,12
1051,12
1052,7
1053,10
1054,2
1055,2
1056,10
1057,10
1058,15
1059,1
1060,6
1061,16
1062,17
1063,16
1064,4
1065,12
1066,16
1067,12
1068,18
1069,5
1070,4
1071,10
1072,16
1073,16
1074,10
1075,4
1076,13
1077,1
1078,4
1079,5
1080,7
1081,12
1082,14
1083,0
1084,1
1085,11
1086,8
1087,12
1088,13
1089,11
1090,6
1091,15
1092,5
1093,16
1094,6
1095,11
1096,12
1097,10
1098,2
1099,14
1100,17
1101,13
1102,11
1103,2
1104,3
1105,3
1106,11
1107,1
1108,0
1109,7
1110,8
1111,1
1112,4
1113,1
1114,12
1115,8
1116,12
1117,2
1118,18
1119,0
1120,8
1121,5
1122,8
1123,15
1124,11
1125,12
1126,17
1127,3
1128,13
1129,15
1130,8
1131,3
1132,9
1133,6
1134,7
1135,12
1136,12
1137,4
1138,16
1139,14
1140,13
1141,15
1142,0
1143,1
1144,12
1145,6
1146,1
1147,5
1148,8
1149,12
1150,12
1151,16
1152,4
1153,1
1154,4
1155,11
1156,0
1157,1
1158,15
1159,4
1160,9
1161,0
1162,8
1163,15
1164,4
1165,18
1166,14
1167,16
1168,7
1169,2
1170,9
1171,10
1172,10
1173,6
1174,2
1175,8
1176,5
1177,13
1178,4
1179,1
1180,15
1181,1
1182,12
1183,5
1184,4
1185,0
1186,6
1187,11
1188,6
1189,18
1190,12
1191,6
1192,12
1193,14
1194,0
1195,1
1196,5
1197,5
1198,6
1199,18
1200,11
1201,12
1202,6
1203,15
1204,8
1205,3
1206,2
1207,5
1208,7
1209,15
1210,4
1211,18
1212,10
1213,1
1214,12
1215,16
1216,12
1217,15
1218,1
1219,4
1220,6
1221,6
1222,1
1223,16
1224,12
1225,3
1226,12
1227,12
1228,12
1229,18
1230,0
1231,6
1232,1
1233,6
1234,13
1235,11
1236,2
1237,11
1238,4
1239,12
1240,12
1241,6
1242,15
1243,6
1244,5
1245,5
1246,9
1247,17
1248,14
1249,18
1250,6
1251,6
1252,15
1253,4
1254,18
1255,15
1256,15
1257,1
1258,7
1259,12
1260,18
1261,14
1262,17
1263,12
1264,17
1265,3
1266,4
1267,5
1268,11
1269,9
1270,17
1271,6
1272,17
1273,16
1274,12
1275,6
1276,4
1277,0
1278,12
1279,1
1280,15
1281,11
1282,16
1283,0
1284,6
1285,1
1286,15
1287,13
1288,8
1289,18
1290,4
1291,13
1292,1
1293,16
1294,5
1295,12
1296,10
1297,0
1298,4
1299,4
1300,16
1301,17
1302,1
1303,0
1304,18
1305,0
1306,16
1307,17
1308,7
1309,18
1310,15
1311,11
1312,10
1313,3
1314,6
1315,17
1316,10
1317,14
1318,1
1319,1
1320,15
1321,12
1322,0
1323,6
1324,12
1325,11
1326,6
1327,7
1328,0
1329,5
1330,8
1331,16
1332,6
1333,6
1334,1
1335,7
1336,8
1337,2
1338,7
1339,18
1340,0
1341,0
1342,7
1343,6
1344,8
1345,6
1346,6
1347,7
1348,1
1349,11
1350,11
1351,6
1352,0
1353,5
1354,15
1355,13
1356,8
1357,5
1358,15
1359,1
1360,1
1361,14
1362,15
1363,15
1364,8
1365,12
1366,12
1367,18
1368,12
1369,12
1370,1
1371,1
1372,2
1373,0
1374,15
1375,11
1376,12
1377,0
1378,0
1379,8
1380,4
1381,15
1382,3
1383,4
1384,13
1385,6
1386,6
1387,1
1388,1
1389,11
1390,11
1391,5
1392,4
1393,9
1394,2
1395,16
1396,12
1397,4
1398,12
1399,3
1400,2
1401,10
1402,6
1403,8
1404,5
1405,10
1406,5
1407,13
1408,12
1409,3
1410,12
1411,6
1412,17
1413,2
1414,4
1415,8
1416,6
1417,12
1418,6
1419,6
1420,0
1421,16
1422,12
1423,7
1424,5
1425,12
1426,7
1427,0
1428,12
1429,10
1430,12
1431,18
1432,4
1433,16
1434,6
1435,3
1436,1
1437,1
1438,4
1439,5
1440,10
1441,15
1442,4
1443,12
1444,15
1445,4
1446,4
1447,6
1448,13
1449,12
1450,2
1451,14
1452,11
1453,15
1454,0
1455,8
1456,12
1457,6
1458,8
1459,12
1460,12
1461,4
1462,1
1463,11
1464,6
1465,12
1466,12
1467,1
1468,1
1469,1
1470,12
1471,12
1472,3
1473,6
1474,12
1475,3
1476,13
1477,16
1478,8
1479,3
1480,6
1481,4
1482,15
1483,5
1484,6
1485,5
1486,15
1487,1
1488,11
1489,0
1490,0
1491,15
1492,18
1493,11
1494,12
1495,10
1496,17
1497,5
1498,3
1499,10
1500,4
1501,7
1502,12
1503,18
1504,0
1505,12
1506,1
1507,8
1508,15
1509,1
1510,1
1511,0
1512,9
1513,1
1514,12
1515,6
1516,1
1517,8
1518,7
1519,0
1520,18
1521,8
1522,3
1523,6
1524,5
1525,13
1526,6
1527,9
1528,4
1529,10
1530,8
1531,18
1532,18
1533,1
1534,0
1535,11
1536,11
1537,13
1538,9
1539,0
1540,6
1541,6
1542,3
1543,6
1544,8
1545,15
1546,8
1547,8
1548,16
1549,4
1550,12
1551,1
1552,10
1553,0
1554,18
1555,12
1556,16
1557,15
1558,12
1559,6
1560,16
1561,11
1562,8
1563,6
1564,7
1565,6
1566,5
1567,13
1568,13
1569,1
1570,3
1571,11
1572,4
1573,18
1574,16
1575,15
1576,10
1577,16
1578,10
1579,15
1580,6
1581,16
1582,0
1583,18
1584,9
1585,6
1586,17
1587,2
1588,11
1589,6
1590,13
1591,4
1592,7
1593,1
1594,2
1595,12
1596,11
1597,18
1598,6
1599,18
1600,12
1601,2
1602,4
1603,17
1604,0
1605,7
1606,6
1607,6
1608,10
1609,2
1610,17
1611,7
1612,12
1613,0
1614,2
1615,0
1616,12
1617,16
1618,6
1619,2
1620,11
1621,18
1622,15
1623,12
1624,12
1625,15
1626,5
1627,8
1628,6
1629,2
1630,12
1631,6
1632,5
1633,2
1634,16
1635,12
1636,6
1637,8
1638,18
1639,6
1640,7
1641,8
1642,8
1643,11
1644,1
1645,13
1646,18
1647,4
1648,16
1649,18
1650,15
1651,2
1652,10
1653,2
1654,13
1655,1
1656,8
1657,11
1658,6
1659,12
1660,13
1661,17
1662,12
1663,4
1664,15
1665,1
1666,6
1667,18
1668,13
1669,4
1670,4
1671,15
1672,6
1673,3
1674,4
1675,18
1676,1
1677,11
1678,12
1679,6
1680,9
1681,11
1682,15
1683,0
1684,0
1685,9
1686,1
1687,1
1688,8
1689,6
1690,0
1691,6
1692,8
1693,6
1694,17
1695,0
1696,12
1697,6
1698,1
1699,15
1700,3
1701,8
1702,3
1703,4
1704,0
1705,12
1706,12
1707,8
1708,15
1709,2
1710,3
1711,3
1712,17
1713,6
1714,15
1715,8
1716,10
1717,0
1718,1
1719,6
1720,8
1721,4
1722,17
1723,13
1724,12
1725,8
1726,6
1727,1
1728,7
1729,14
1730,10
1731,6
1732,4
1733,18
1734,6
1735,1
1736,18
1737,15
1738,3
1739,18
1740,17
1741,3
1742,6
1743,8
1744,17
1745,1
1746,15
1747,14
1748,1
1749,9
1750,12
1751,0
1752,7
1753,6
1754,0
1755,12
1756,10
1757,2
1758,11
1759,3
1760,6
1761,7
1762,17
1763,14
1764,9
1765,3
1766,1
1767,13
1768,4
1769,16
1770,4
1771,11
1772,5
1773,18
1774,6
1775,4
1776,6
1777,4
1778,0
1779,1
1780,8
1781,5
1782,11
1783,15
1784,5
1785,18
1786,11
1787,17
1788,14
1789,5
1790,6
1791,12
1792,9
1793,2
1794,12
1795,12
1796,1
1797,12
1798,11
1799,11
1800,16
1801,1
1802,10
1803,7
1804,14
1805,0
1806,12
1807,7
1808,2
1809,6
1810,0
1811,4
1812,1
1813,16
1814,6
1815,6
1816,11
1817,15
1818,12
1819,4
1820,18
1821,16
1822,13
1823,12
1824,0
1825,8
1826,13
1827,4
1828,1
1829,18
1830,1
1831,0
1832,16
1833,1
1834,4
1835,15
1836,18
1837,7
1838,12
1839,9
1840,3
1841,0
1842,13
1843,16
1844,1
1845,7
1846,5
1847,10
1848,6
1849,8
1850,16
1851,5
1852,5
1853,11
1854,8
1855,12
1856,1
1857,12
1858,11
1859,17
1860,6
1861,1
1862,6
1863,12
1864,6
1865,11
1866,12
1867,0
1868,12
1869,0
1870,3
1871,15
1872,12
1873,6
1874,3
1875,15
1876,5
1877,4
1878,10
1879,12
1880,17
1881,11
1882,7
1883,6
1884,18
1885,11
1886,1
1887,8
1888,1
1889,12
1890,12
1891,10
1892,1
1893,6
1894,1
1895,10
1896,0
1897,8
1898,15
1899,1
1900,15
1901,5
1902,11
1903,10
1904,11
1905,15
1906,1
1907,11
1908,13
1909,2
1910,12
1911,11
1912,12
1913,5
1914,12
1915,8
1916,7
1917,0
1918,12
1919,3
1920,5
1921,18
1922,1
1923,6
1924,14
1925,8
1926,6
1927,1
1928,8
1929,8
1930,5
1931,16
1932,0
1933,1
1934,13
1935,12
1936,4
1937,10
1938,16
1939,2
1940,12
1941,15
1942,8
1943,6
1944,12
1945,1
1946,12
1947,8
1948,18
1949,4
1950,14
1951,1
1952,1
1953,17
1954,5
1955,12
1956,9
1957,18
1958,15
1959,10
1960,16
1961,12
1962,10
1963,8
1964,4
1965,0
1966,6
1967,0
1968,16
1969,12
1970,2
1971,1
1972,12
1973,8
1974,15
1975,4
1976,1
1977,12
1978,12
1979,8
1980,12
1981,5
1982,1
1983,9
1984,1
1985,4
1986,6
1987,6
1988,4
1989,2
1990,15
1991,11
1992,10
1993,0
1994,11
1995,6
1996,11
1997,12
1998,15
1999,18
2000,13
2001,1
2002,10
2003,3
2004,10
2005,4
2006,2
2007,16
2008,12
2009,0
2010,12
2011,15
2012,16
2013,1
2014,7
2015,6
2016,1
2017,2
2018,6
2019,9
2020,11
2021,0
2022,6
2023,6
2024,8
2025,1
2026,10
2027,15
2028,0
2029,3
2030,5
2031,12
2032,6
2033,0
2034,12
2035,6
2036,11
2037,12
2038,16
2039,2
2040,10
2041,6
2042,11
2043,3
2044,3
2045,0
2046,4
2047,11
2048,7
2049,11
2050,17
2051,8
2052,4
2053,5
2054,12
2055,12
2056,9
2057,16
2058,12
2059,15
2060,2
2061,11
2062,1
2063,10
2064,18
2065,18
2066,15
2067,3
2068,6
2069,0
2070,13
2071,1
2072,17
2073,1
2074,1
2075,7
2076,15
2077,7
2078,15
2079,6
2080,0
2081,9
2082,4
2083,16
2084,5
2085,16
2086,6
2087,6
2088,6
2089,4
2090,4
2091,16
2092,15
2093,5
2094,16
2095,11
2096,1
2097,6
2098,1
2099,17
2100,2
2101,17
2102,5
2103,12
2104,17
2105,5
2106,6
2107,6
2108,9
2109,7
2110,12
2111,6
2112,9
2113,11
2114,11
2115,10
2116,16
2117,18
2118,4
2119,5
2120,0
2121,15
2122,3
2123,1
2124,8
2125,13
2126,1
2127,10
2128,11
2129,4
2130,6
2131,7
2132,16
2133,12
2134,0
2135,5
2136,0
2137,4
2138,1
2139,6
2140,0
2141,18
2142,1
2143,1
2144,17
2145,0
2146,14
2147,6
2148,12
2149,6
2150,4
2151,12
2152,6
2153,12
2154,1
2155,12
2156,0
2157,6
2158,3
2159,4
2160,16
2161,12
2162,11
2163,1
2164,6
2165,17
2166,0
2167,6
2168,1
2169,15
2170,18
2171,6
2172,0
2173,8
2174,18
2175,8
2176,17
2177,1
2178,11
2179,15
2180,8
2181,9
2182,4
2183,10
2184,12
2185,6
2186,16
2187,12
2188,8
2189,0
2190,16
2191,15
2192,16
2193,17
2194,9
2195,12
2196,5
2197,2
2198,5
2199,8
2200,1
2201,18
2202,13
2203,18
2204,18
2205,17
2206,8
2207,4
2208,1
2209,3
2210,1
2211,14
2212,1
2213,18
2214,18
2215,15
2216,12
2217,0
2218,11
2219,12
2220,11
2221,12
2222,15
2223,7
2224,6
2225,6
2226,5
2227,3
2228,2
2229,8
2230,3
2231,2
2232,12
2233,8
2234,6
2235,6
2236,4
2237,7
2238,11
2239,6
2240,5
2241,6
2242,6
2243,10
2244,2
2245,15
2246,12
2247,3
2248,2
2249,12
2250,15
2251,8
2252,8
2253,12
2254,1
2255,2
2256,7
2257,7
2258,13
2259,6
2260,18
2261,0
2262,16
2263,2
2264,7
2265,8
2266,6
2267,18
2268,12
2269,8
2270,12
2271,1
2272,16
2273,12
2274,13
2275,2
2276,6
2277,17
2278,1
2279,0
2280,6
2281,2
2282,12
2283,15
2284,12
2285,16
2286,15
2287,18
2288,6
2289,6
2290,6
2291,11
2292,0
2293,1
2294,5
2295,9
2296,10
2297,12
2298,12
2299,3
2300,8
2301,6
2302,12
2303,9
2304,6
2305,15
2306,6
2307,2
2308,4
2309,2
2310,12
2311,17
2312,18
2313,16
2314,3
2315,4
2316,0
2317,14
2318,6
2319,11
2320,1
2321,16
2322,5
2323,0
2324,0
2325,1
2326,6
2327,8
2328,8
2329,18
2330,2
2331,12
2332,18
2333,10
2334,6
2335,4
2336,1
2337,5
2338,1
2339,13
2340,18
2341,1
2342,11
2343,6
2344,13
2345,0
2346,15
2347,15
2348,16
2349,3
2350,12
2351,2
2352,12
2353,3
2354,12
2355,8
2356,12
2357,2
2358,11
2359,6
2360,9
2361,6
2362,2
2363,12
2364,1
2365,0
2366,6
2367,13
2368,10
2369,16
2370,18
2371,6
2372,1
2373,7
2374,3
2375,1
2376,15
2377,3
2378,6
2379,8
2380,11
2381,12
2382,16
2383,4
2384,6
2385,3
2386,6
2387,10
2388,0
2389,12
2390,16
2391,4
2392,14
2393,6
2394,15
2395,1
2396,6
2397,9
2398,0
2399,7
2400,15
2401,18
2402,18
2403,6
2404,13
2405,8
2406,9
2407,5
2408,6
2409,2
2410,13
2411,6
2412,17
2413,6
2414,3
2415,6
2416,5
2417,9
2418,0
2419,15
2420,9
2421,12
2422,16
2423,14
2424,17
2425,8
2426,12
2427,6
2428,7
2429,0
2430,15
2431,18
2432,11
2433,12
2434,11
2435,3
2436,11
2437,0
2438,11
2439,16
2440,9
2441,0
2442,1
2443,15
2444,14
2445,9
2446,8
2447,6
2448,4
2449,18
2450,1
2451,12
2452,3
2453,17
2454,10
2455,1
2456,4
2457,17
2458,12
2459,13
2460,15
2461,11
2462,15
2463,6
2464,0
2465,18
2466,12
2467,7
2468,12
2469,16
2470,9
2471,11
2472,12
2473,11
2474,7
2475,17
2476,15
2477,1
2478,1
2479,12
2480,15
2481,17
2482,16
2483,0
2484,16
2485,18
2486,8
2487,13
2488,3
2489,13
2490,4
2491,2
2492,4
2493,7
2494,9
2495,4
2496,5
2497,16
2498,6
2499,5
2500,6
2501,16
2502,2
2503,8
2504,6
2505,3
2506,12
2507,6
2508,5
2509,15
2510,4
2511,11
2512,6
2513,6
2514,8
2515,2
2516,6
2517,1
2518,15
2519,1
2520,1
2521,12
2522,7
2523,6
2524,5
2525,11
2526,4
2527,6
2528,2
2529,6
2530,3
2531,17
2532,17
2533,6
2534,5
2535,17
2536,1
2537,1
2538,9
2539,18
2540,6
2541,11
2542,12
2543,8
2544,1
2545,14
2546,5
2547,1
2548,16
2549,2
2550,17
2551,6
2552,11
2553,5
2554,0
2555,4
2556,16
2557,12
2558,12
2559,6
2560,11
2561,15
2562,1
2563,18
2564,8
2565,1
2566,3
2567,1
2568,7
2569,4
2570,11
2571,1
2572,15
2573,15
2574,6
2575,17
2576,7
2577,2
2578,13
2579,4
2580,12
2581,5
2582,12
2583,6
2584,2
2585,10
2586,15
2587,12
2588,6
2589,15
2590,1
2591,12
2592,15
2593,8
2594,1
2595,12
2596,13
2597,6
2598,15
2599,8
2600,13
2601,4
2602,4
2603,12
2604,1
2605,16
2606,6
2607,8
2608,4
2609,15
2610,6
2611,0
2612,5
2613,9
2614,4
2615,6
2616,1
2617,12
2618,12
2619,4
2620,1
2621,10
2622,13
2623,12
2624,11
2625,5
2626,6
2627,2
2628,8
2629,12
2630,1
2631,10
2632,0
2633,18
2634,17
2635,8
2636,11
2637,0
2638,6
2639,2
2640,11
2641,11
2642,8
2643,12
2644,0
2645,15
2646,10
2647,10
2648,4
2649,9
2650,1
2651,12
2652,12
2653,18
2654,12
2655,14
2656,0
2657,0
2658,10
2659,12
2660,1
2661,6
2662,12
2663,18
2664,6
2665,6
2666,11
2667,12
2668,12
2669,18
2670,6
2671,12
2672,0
2673,6
2674,8
2675,6
2676,11
2677,3
2678,12
2679,16
2680,5
2681,11
2682,6
2683,1
2684,2
2685,15
2686,11
2687,1
2688,4
2689,15
2690,10
2691,12
2692,1
2693,6
2694,14
2695,2
2696,4
2697,12
2698,5
2699,6
2700,1
2701,3
2702,1
2703,18
2704,2
2705,10
2706,6
2707,12
2708,15
2709,4
2710,0
2711,9
2712,17
2713,6
2714,3
2715,6
2716,4
2717,12
2718,3
2719,6
2720,18
2721,6
2722,12
2723,6
2724,13
2725,0
2726,10
2727,4
2728,18
2729,15
2730,11
2731,1
2732,12
2733,15
2734,8
2735,4
2736,7
2737,10
2738,12
2739,15
2740,12
2741,10
2742,12
2743,1
2744,4
2745,12
2746,12
2747,15
2748,10
2749,0
2750,1
2751,1
2752,15
2753,13
2754,12
2755,12
2756,4
2757,6
2758,10
2759,0
2760,6
2761,6
2762,16
2763,1
2764,14
2765,10
2766,11
2767,15
2768,15
2769,6
2770,4
2771,12
2772,12
2773,10
2774,6
2775,0
2776,6
2777,11
2778,12
2779,0
2780,9
2781,6
2782,6
2783,6
2784,4
2785,9
2786,16
2787,0
2788,16
2789,3
2790,1
2791,1
2792,11
2793,6
2794,12
2795,8
2796,6
2797,12
2798,6
2799,14
2800,12
2801,17
2802,6
2803,1
2804,16
2805,6
2806,1
2807,4
2808,12
2809,6
2810,6
2811,14
2812,0
2813,6
2814,8
2815,12
2816,14
2817,12
2818,8
2819,14
2820,12
2821,15
2822,12
2823,3
2824,12
2825,6
2826,6
2827,16
2828,5
2829,4
2830,5
2831,13
2832,2
2833,2
2834,13
2835,12
2836,12
2837,1
2838,11
2839,10
2840,13
2841,12
2842,12
2843,9
2844,12
2845,6
2846,6
2847,18
2848,11
2849,16
2850,4
2851,1
2852,7
2853,5
2854,6
2855,1
2856,18
2857,8
2858,12
2859,1
2860,12
2861,1
2862,12
2863,6
2864,2
2865,6
2866,16
2867,12
2868,16
2869,4
2870,4
2871,2
2872,16
2873,15
2874,6
2875,1
2876,12
2877,10
2878,8
2879,11
2880,16
2881,11
2882,6
2883,6
2884,9
2885,6
2886,14
2887,12
2888,18
2889,13
2890,5
2891,11
2892,12
2893,4
2894,7
2895,0
2896,11
2897,4
2898,0
2899,8
2900,12
2901,17
2902,9
2903,12
2904,0
2905,8
2906,4
2907,12
2908,11
2909,18
2910,6
2911,16
2912,17
2913,6
2914,6
2915,5
2916,11
2917,6
2918,12
2919,12
2920,13
2921,12
2922,18
2923,12
2924,8
2925,12
2926,0
2927,13
2928,8
2929,1
2930,17
2931,0
2932,0
2933,12
2934,0
2935,12
2936,4
2937,4
2938,12
2939,6
2940,12
2941,1
2942,1
2943,14
2944,8
2945,6
2946,13
2947,12
2948,11
2949,4
2950,2
2951,8
2952,0
2953,11
2954,15
2955,6
2956,18
2957,1
2958,15
2959,9
2960,11
2961,15
2962,7
2963,4
2964,1
2965,6
2966,9
2967,14
2968,6
2969,2
2970,17
2971,15
2972,11
2973,6
2974,4
2975,7
2976,7
2977,12
2978,12
2979,1
2980,12
2981,4
2982,1
2983,0
2984,12
2985,3
2986,5
2987,4
2988,10
2989,6
2990,5
2991,13
2992,0
2993,5
2994,13
2995,17
2996,8
2997,8
2998,13
2999,6
3000,8
3001,15
3002,9
3003,17
3004,4
3005,8
3006,12
3007,8
3008,6
3009,0
3010,6
3011,15
3012,12
3013,7
3014,3
3015,12
3016,16
3017,6
3018,16
3019,1
3020,15
3021,2
3022,7
3023,0
3024,15
3025,6
3026,15
3027,9
3028,6
3029,15
3030,12
3031,11
3032,12
3033,18
3034,1
3035,12
3036,15
3037,11
3038,7
3039,11
3040,6
3041,17
3042,11
3043,2
3044,11
3045,14
3046,4
3047,1
3048,4
3049,6
3050,18
3051,1
3052,6
3053,12
3054,4
3055,12
3056,6
3057,12
3058,0
3059,13
3060,12
3061,18
3062,7
3063,1
3064,4
3065,4
3066,13
3067,1
3068,12
3069,12
3070,2
3071,8
3072,3
3073,5
3074,12
3075,8
3076,15
3077,15
3078,0
3079,7
3080,9
3081,12
3082,5
3083,9
3084,12
3085,1
3086,11
3087,11
3088,6
3089,6
3090,4
3091,15
3092,1
3093,7
3094,12
3095,7
3096,15
3097,8
3098,6
3099,1
3100,8
3101,12
3102,18
3103,9
3104,0
3105,4
3106,15
3107,7
3108,3
3109,15
3110,15
3111,16
3112,11
3113,16
3114,12
3115,13
3116,6
3117,0
3118,6
3119,7
3120,8
3121,3
3122,2
3123,3
3124,13
3125,8
3126,6
3127,0
3128,6
3129,7
3130,8
3131,1
3132,4
3133,5
3134,12
3135,0
3136,0
3137,2
3138,9
3139,0
3140,1
3141,3
3142,3
3143,6
3144,14
3145,14
3146,0
3147,4
3148,14
3149,18
3150,12
3151,0
3152,2
3153,15
3154,0
3155,1
3156,7
3157,12
3158,6
3159,1
3160,6
3161,9
3162,15
3163,14
3164,12
3165,5
3166,4
3167,0
3168,6
3169,5
3170,18
3171,0
3172,16
3173,6
3174,7
3175,5
3176,15
3177,15
3178,17
3179,11
3180,2
3181,6
3182,15
3183,12
3184,9
3185,15
3186,10
3187,1
3188,1
3189,6
3190,15
3191,1
3192,2
3193,11
3194,1
3195,11
3196,6
3197,11
3198,15
3199,12
3200,3
3201,0
3202,12
3203,15
3204,5
3205,6
3206,6
3207,15
3208,15
3209,8
3210,6
3211,8
3212,0
3213,5
3214,0
3215,4
3216,10
3217,15
3218,11
3219,12
3220,1
3221,2
3222,10
3223,2
3224,8
3225,0
3226,6
3227,18
3228,5
3229,1
3230,1
3231,13
3232,0
3233,1
3234,2
3235,4
3236,12
3237,14
3238,5
3239,6
3240,1
3241,2
3242,10
3243,12
3244,2
3245,15
3246,6
3247,1
3248,3
3249,12
3250,6
3251,1
3252,17
3253,0
3254,11
3255,12
3256,17
3257,14
3258,12
3259,15
3260,6
3261,0
3262,6
3263,9
3264,11
3265,10
3266,12
3267,1
3268,8
3269,6
3270,11
3271,18
3272,4
3273,0
3274,4
3275,1
3276,15
3277,1
3278,1
3279,16
3280,13
3281,1
3282,1
3283,12
3284,8
3285,13
3286,6
3287,4
3288,0
3289,7
3290,15
3291,6
3292,7
3293,7
3294,2
3295,6
3296,12
3297,6
3298,16
3299,0
3300,9
3301,16
3302,16
3303,10
3304,3
3305,11
3306,4
3307,11
3308,6
3309,3
3310,6
3311,8
3312,4
3313,6
3314,7
3315,4
3316,12
3317,0
3318,16
3319,17
3320,10
3321,6
3322,6
3323,15
3324,8
3325,15
3326,3
3327,8
3328,5
3329,6
3330,6
3331,0
3332,18
3333,12
3334,8
3335,18
3336,13
3337,6
3338,6
3339,12
3340,15
3341,18
3342,5
3343,11
3344,11
3345,12
3346,15
3347,4
3348,18
3349,10
3350,6
3351,0
3352,18
3353,6
3354,2
3355,10
3356,6
3357,5
3358,3
3359,0
3360,11
3361,12
3362,1
3363,14
3364,0
3365,12
3366,12
3367,15
3368,11
3369,0
3370,11
3371,11
3372,16
3373,6
3374,12
3375,16
3376,9
3377,3
3378,16
3379,15
3380,0
3381,4
3382,8
3383,8
3384,4
3385,12
3386,15
3387,15
3388,0
3389,11
3390,12
3391,6
3392,6
3393,4
3394,12
3395,10
3396,2
3397,3
3398,5
3399,0
3400,0
3401,9
3402,10
3403,6
3404,6
3405,2
3406,6
3407,12
3408,0
3409,6
3410,17
3411,1
3412,6
3413,15
3414,12
3415,4
3416,9
3417,13
3418,1
3419,14
3420,1
3421,1
3422,4
3423,6
3424,15
3425,8
3426,4
3427,16
3428,1
3429,1
3430,13
3431,10
3432,6
3433,18
3434,10
3435,8
3436,12
3437,6
3438,4
3439,12
3440,6
3441,5
3442,12
3443,15
3444,4
3445,8
3446,16
3447,1
3448,6
3449,12
3450,16
3451,8
3452,15
3453,4
3454,4
3455,17
3456,5
3457,6
3458,5
3459,6
3460,6
3461,1
3462,5
3463,11
3464,6
3465,12
3466,0
3467,6
3468,17
3469,2
3470,4
3471,6
3472,12
3473,13
3474,16
3475,13
3476,1
3477,12
3478,9
3479,6
3480,11
3481,6
3482,6
3483,6
3484,6
3485,6
3486,13
3487,3
3488,18
3489,0
3490,15
3491,14
3492,12
3493,18
3494,5
3495,6
3496,2
3497,6
3498,6
3499,1
3500,6
3501,1
3502,1
3503,12
3504,16
3505,0
3506,8
3507,15
3508,3
3509,16
3510,1
3511,8
3512,2
3513,4
3514,18
3515,1
3516,1
3517,3
3518,1
3519,4
3520,15
3521,12
3522,10
3523,17
3524,0
3525,17
3526,14
3527,6
3528,1
3529,3
3530,13
3531,12
3532,5
3533,11
3534,6
3535,18
3536,8
3537,15
3538,16
3539,13
3540,10
3541,9
3542,8
3543,17
3544,10
3545,2
3546,9
3547,6
3548,10
3549,16
3550,18
3551,12
3552,11
3553,16
3554,12
3555,2
3556,1
3557,4
3558,0
3559,12
3560,4
3561,6
3562,0
3563,3
3564,18
3565,1
3566,11
3567,7
3568,6
3569,18
3570,0
3571,12
3572,0
3573,11
3574,6
3575,15
3576,2
3577,5
3578,12
3579,15
3580,0
3581,1
3582,14
3583,8
3584,6
3585,1
3586,15
3587,10
3588,1
3589,3
3590,11
3591,2
3592,5
3593,1
3594,16
3595,2
3596,12
3597,4
3598,6
3599,4
3600,6
3601,4
3602,6
3603,18
3604,0
3605,11
3606,1
3607,9
3608,18
3609,0
3610,12
3611,7
3612,7
3613,10
3614,17
3615,6
3616,1
3617,6
3618,12
3619,9
3620,10
3621,18
3622,18
3623,6
3624,1
3625,5
3626,1
3627,6
3628,6
3629,4
3630,5
3631,4
3632,1
3633,4
3634,6
3635,16
3636,16
3637,18
3638,12
3639,2
3640,15
3641,16
3642,1
3643,8
3644,5
3645,8
3646,8
3647,15
3648,1
3649,3
3650,12
3651,1
3652,6
3653,1
3654,1
3655,18
3656,6
3657,13
3658,0
3659,16
3660,11
3661,0
3662,16
3663,1
3664,12
3665,6
3666,0
3667,4
3668,5
3669,10
3670,6
3671,3
3672,0
3673,18
3674,2
3675,0
3676,6
3677,2
3678,1
3679,2
3680,6
3681,8
3682,6
3683,3
3684,1
3685,3
3686,4
3687,8
3688,7
3689,1
3690,2
3691,12
3692,9
3693,1
3694,16
3695,11
3696,6
3697,3
3698,12
3699,0
3700,3
3701,12
3702,6
3703,9
3704,6
3705,1
3706,0
3707,6
3708,2
3709,15
3710,3
3711,15
3712,16
3713,2
3714,14
3715,12
3716,7
3717,18
3718,6
3719,16
3720,8
3721,6
3722,8
3723,4
3724,14
3725,18
3726,13
3727,16
3728,2
3729,12
3730,18
3731,18
3732,10
3733,12
3734,13
3735,4
3736,10
3737,15
3738,12
3739,1
3740,3
3741,8
3742,13
3743,5
3744,11
3745,9
3746,7
3747,2
3748,6
3749,4
3750,6
3751,4
3752,11
3753,12
3754,12
3755,13
3756,8
3757,12
3758,11
3759,17
3760,2
3761,11
3762,4
3763,9
3764,11
3765,14
3766,18
3767,11
3768,2
3769,11
3770,12
3771,6
3772,12
3773,8
3774,4
3775,11
3776,2
3777,6
3778,15
3779,0
3780,4
3781,16
3782,11
3783,12
3784,6
3785,18
3786,12
3787,15
3788,1
3789,8
3790,8
3791,4
3792,18
3793,12
3794,16
3795,15
3796,17
3797,13
3798,8
3799,1
3800,15
3801,1
3802,1
3803,4
3804,11
3805,12
3806,12
3807,8
3808,9
3809,12
3810,0
3811,15
3812,12
3813,1
3814,4
3815,5
3816,6
3817,12
3818,17
3819,13
3820,16
3821,5
3822,12
3823,3
3824,6
3825,12
3826,1
3827,1
3828,15
3829,2
3830,4
3831,8
3832,4
3833,15
3834,6
3835,15
3836,15
3837,0
3838,3
3839,12
3840,12
3841,11
3842,4
3843,12
3844,6
3845,13
3846,12
3847,16
3848,6
3849,5
3850,15
3851,2
3852,17
3853,4
3854,4
3855,6
3856,16
3857,7
3858,6
3859,8
3860,12
3861,9
3862,16
3863,6
3864,7
3865,11
3866,1
3867,18
3868,1
3869,15
3870,6
3871,11
3872,17
3873,1
3874,5
3875,1
3876,18
3877,12
3878,17
3879,1
3880,6
3881,12
3882,6
3883,3
3884,9
3885,5
3886,6
3887,15
3888,6
3889,4
3890,0
3891,4
3892,6
3893,0
3894,15
3895,6
3896,11
3897,10
3898,18
3899,7
3900,6
3901,6
3902,17
3903,1
3904,10
3905,1
3906,11
3907,15
3908,10
3909,7
3910,11
3911,11
3912,12
3913,16
3914,16
3915,6
3916,6
3917,15
3918,10
3919,18
3920,11
3921,5
3922,13
3923,11
3924,15
3925,11
3926,12
3927,12
3928,1
3929,18
3930,6
3931,6
3932,1
3933,2
3934,12
3935,12
3936,6
3937,12
3938,13
3939,13
3940,18
3941,6
3942,16
3943,3
3944,6
3945,4
3946,4
3947,5
3948,8
3949,9
3950,9
3951,12
3952,1
3953,5
3954,5
3955,12
3956,6
3957,6
3958,6
3959,0
3960,4
3961,7
3962,4
3963,6
3964,6
3965,3
3966,0
3967,2
3968,12
3969,16
3970,12
3971,15
3972,15
3973,17
3974,2
3975,1
3976,11
3977,5
3978,0
3979,2
3980,1
3981,0
3982,5
3983,10
3984,16
3985,14
3986,7
3987,1
3988,12
3989,17
3990,4
3991,14
3992,0
3993,7
3994,16
3995,6
3996,1
3997,16
3998,8
3999,1
4000,12
4001,11
4002,14
4003,4
4004,15
4005,15
4006,14
4007,1
4008,2
4009,6
4010,0
4011,3
4012,16
4013,8
4014,5
4015,11
4016,4
4017,6
4018,12
4019,12
4020,2
4021,8
4022,8
4023,7
4024,12
4025,15
4026,15
4027,18
4028,14
4029,4
4030,12
4031,12
4032,4
4033,12
4034,11
4035,12
4036,1
4037,18
4038,16
4039,9
4040,13
4041,7
4042,4
4043,12
4044,0
4045,2
4046,2
4047,16
4048,18
4049,3
4050,17
4051,16
4052,8
4053,6
4054,12
4055,14
4056,6
4057,13
4058,7
4059,1
4060,11
4061,4
4062,5
4063,7
4064,15
4065,5
4066,12
4067,5
4068,10
4069,15
4070,3
4071,1
4072,1
4073,7
4074,17
4075,18
4076,12
4077,13
4078,8
4079,10
4080,6
4081,17
4082,16
4083,10
4084,14
4085,17
4086,18
4087,12
4088,4
4089,1
4090,1
4091,12
4092,5
4093,4
4094,15
4095,12
4096,4
4097,5
4098,6
4099,15
4100,6
4101,17
4102,10
4103,11
4104,1
4105,17
4106,1
4107,18
4108,7
4109,6
4110,0
4111,6
4112,10
4113,10
4114,4
4115,3
4116,18
4117,14
4118,11
4119,6
4120,8
4121,0
4122,10
4123,12
4124,18
4125,4
4126,1
4127,1
4128,6
4129,3
4130,11
4131,0
4132,15
4133,13
4134,8
4135,12
4136,9
4137,9
4138,8
4139,11
4140,12
4141,4
4142,4
4143,1
4144,12
4145,1
4146,11
4147,1
4148,2
4149,10
4150,18
4151,16
4152,11
4153,7
4154,16
4155,10
4156,12
4157,6
4158,1
4159,18
4160,12
4161,8
4162,0
4163,9
4164,7
4165,15
4166,17
4167,12
4168,8
4169,16
4170,6
4171,15
4172,8
4173,5
4174,10
4175,10
4176,15
4177,1
4178,5
4179,11
4180,12
4181,15
4182,8
4183,4
4184,16
4185,0
4186,15
4187,15
4188,0
4189,5
4190,5
4191,3
4192,6
4193,18
4194,14
4195,7
4196,4
4197,11
4198,9
4199,1
4200,11
4201,1
4202,14
4203,12
4204,13
4205,9
4206,4
4207,3
4208,8
4209,12
4210,1
4211,12
4212,11
4213,12
4214,6
4215,2
4216,12
4217,6
4218,12
4219,17
4220,6
4221,14
4222,14
4223,17
4224,15
4225,13
4226,6
4227,12
4228,0
4229,11
4230,1
4231,2
4232,1
4233,0
4234,1
4235,15
4236,6
4237,6
4238,6
4239,18
4240,7
4241,5
4242,7
4243,16
4244,11
4245,1
4246,2
4247,7
4248,6
4249,11
4250,17
4251,18
4252,1
4253,1
4254,10
4255,3
4256,1
4257,18
4258,18
4259,8
4260,8
4261,6
4262,5
4263,5
4264,11
4265,6
4266,13
4267,3
4268,6
4269,14
4270,13
4271,11
4272,6
4273,15
4274,11
4275,8
4276,16
4277,8
4278,8
4279,2
4280,9
4281,16
4282,2
4283,12
4284,15
4285,12
4286,4
4287,12
4288,13
4289,15
4290,11
4291,16
4292,4
4293,7
4294,9
4295,7
4296,9
4297,1
4298,6
4299,13
4300,8
4301,4
4302,11
4303,4
4304,8
4305,1
4306,4
4307,6
4308,13
4309,13
4310,6
4311,11
4312,13
4313,0
4314,13
4315,8
4316,10
4317,16
4318,8
4319,7
4320,2
4321,8
4322,6
4323,1
4324,12
4325,3
4326,6
4327,6
4328,15
4329,14
4330,1
4331,0
4332,13
4333,12
4334,4
4335,6
4336,8
4337,6
4338,12
4339,12
4340,6
4341,0
4342,18
4343,0
4344,15
4345,4
4346,5
4347,13
4348,4
4349,15
4350,4
4351,3
4352,10
4353,4
4354,4
4355,18
4356,12
4357,11
4358,8
4359,6
4360,6
4361,7
4362,1
4363,9
4364,12
4365,15
4366,8
4367,14
4368,11
4369,12
4370,0
4371,11
4372,12
4373,12
4374,12
4375,13
4376,12
4377,7
4378,15
4379,15
4380,7
4381,8
4382,6
4383,0
4384,13
4385,15
4386,13
4387,4
4388,2
4389,0
4390,1
4391,2
4392,8
4393,15
4394,16
4395,8
4396,11
4397,1
4398,13
4399,1
4400,6
4401,12
4402,16
4403,11
4404,1
4405,6
4406,8
4407,12
4408,15
4409,6
4410,3
4411,4
4412,13
4413,2
4414,15
4415,6
4416,6
4417,11
4418,17
4419,5
4420,18
4421,16
4422,11
4423,0
4424,11
4425,1
4426,12
4427,18
4428,15
4429,6
4430,10
4431,0
4432,5
4433,15
4434,6
4435,1
4436,6
4437,11
4438,12
4439,17
4440,15
4441,11
4442,0
4443,1
4444,15
4445,1
4446,8
4447,16
4448,4
4449,7
4450,12
4451,5
4452,2
4453,18
4454,1
4455,12
4456,12
4457,7
4458,15
4459,1
4460,13
4461,15
4462,6
4463,6
4464,10
4465,6
4466,4
4467,12
4468,1
4469,16
4470,10
4471,2
4472,9
4473,1
4474,6
4475,0
4476,6
4477,11
4478,16
4479,6
4480,0
4481,6
4482,6
4483,1
4484,8
4485,0
4486,4
4487,16
4488,18
4489,4
4490,18
4491,5
4492,11
4493,9
4494,3
4495,4
4496,12
4497,12
4498,9
4499,12
4500,17
4501,0
4502,5
4503,15
4504,12
4505,5
4506,12
4507,12
4508,18
4509,5
4510,15
4511,8
4512,0
4513,16
4514,17
4515,4
4516,6
4517,7
4518,12
4519,10
4520,6
4521,6
4522,11
4523,16
4524,7
4525,16
4526,9
4527,17
4528,12
4529,12
4530,5
4531,17
4532,6
4533,18
4534,14
4535,17
4536,13
4537,11
4538,6
4539,4
4540,3
4541,16
4542,0
4543,16
4544,9
4545,12
4546,8
4547,12
4548,4
4549,11
4550,16
4551,1
4552,13
4553,4
4554,8
4555,6
4556,0
4557,2
4558,12
4559,12
4560,0
4561,4
4562,1
4563,10
4564,1
4565,0
4566,10
4567,12
4568,7
4569,10
4570,16
4571,0
4572,1
4573,11
4574,16
4575,7
4576,7
4577,13
4578,11
4579,0
4580,7
4581,15
4582,2
4583,7
4584,5
4585,16
4586,0
4587,15
4588,2
4589,16
4590,1
4591,12
4592,13
4593,5
4594,6
4595,11
4596,10
4597,3
4598,6
4599,17
4600,5
4601,6
4602,1
4603,2
4604,1
4605,10
4606,1
4607,12
4608,5
4609,8
4610,0
4611,16
4612,7
4613,8
4614,7
4615,1
4616,6
4617,10
4618,11
4619,11
4620,1
4621,18
4622,14
4623,11
4624,2
4625,5
4626,6
4627,5
4628,7
4629,1
4630,10
4631,9
4632,8
4633,12
4634,2
4635,10
4636,5
4637,12
4638,18
4639,11
4640,7
4641,12
4642,5
4643,0
4644,15
4645,18
4646,1
4647,11
4648,13
4649,3
4650,5
4651,4
4652,7
4653,18
4654,7
4655,1
4656,4
4657,0
4658,2
4659,10
4660,18
4661,8
4662,12
4663,1
4664,7
4665,15
4666,13
4667,14
4668,12
4669,14
4670,12
4671,12
4672,12
4673,15
4674,12
4675,0
4676,16
4677,6
4678,4
4679,6
4680,12
4681,1
4682,7
4683,5
4684,8
4685,16
4686,1
4687,16
4688,18
4689,3
4690,12
4691,8
4692,10
4693,6
4694,6
4695,2
4696,12
4697,6
4698,6
4699,1
4700,11
4701,2
4702,8
4703,1
4704,12
4705,3
4706,4
4707,7
4708,15
4709,18
4710,1
4711,2
4712,8
4713,9
4714,12
4715,7
4716,12
4717,11
4718,2
4719,16
4720,1
4721,12
4722,6
4723,6
4724,6
4725,4
4726,6
4727,12
4728,15
4729,11
4730,1
4731,18
4732,1
4733,7
4734,12
4735,1
4736,10
4737,10
4738,18
4739,6
4740,0
4741,0
4742,12
4743,4
4744,8
4745,6
4746,4
4747,1
4748,2
4749,9
4750,0
4751,9
4752,1
4753,6
4754,6
4755,13
4756,8
4757,11
4758,15
4759,16
4760,0
4761,8
4762,12
4763,6
4764,13
4765,4
4766,16
4767,5
4768,0
4769,6
4770,11
4771,18
4772,5
4773,8
4774,0
4775,11
4776,17
4777,11
4778,5
4779,17
4780,12
4781,6
4782,1
4783,6
4784,13
4785,6
4786,1
4787,8
4788,11
4789,7
4790,11
4791,0
4792,8
4793,12
4794,6
4795,12
4796,16
4797,12
4798,1
4799,11
4800,15
4801,10
4802,16
4803,16
4804,7
4805,4
4806,6
4807,12
4808,1
4809,1
4810,9
4811,7
4812,18
4813,4
4814,18
4815,6
4816,12
4817,8
4818,8
4819,2
4820,11
4821,7
4822,6
4823,4
4824,5
4825,5
4826,2
4827,11
4828,0
4829,15
4830,18
4831,3
4832,0
4833,11
4834,3
4835,12
4836,6
4837,8
4838,7
4839,3
4840,7
4841,9
4842,12
4843,0
4844,16
4845,0
4846,18
4847,0
4848,16
4849,12
4850,18
4851,16
4852,0
4853,0
4854,12
4855,4
4856,14
4857,1
4858,1
4859,2
4860,0
4861,1
4862,18
4863,4
4864,2
4865,12
4866,5
4867,13
4868,5
4869,1
4870,15
4871,5
4872,7
4873,8
4874,8
4875,15
4876,12
4877,8
4878,12
4879,15
4880,1
4881,10
4882,1
4883,8
4884,6
4885,2
4886,1
4887,6
4888,5
4889,4
4890,9
4891,16
4892,14
4893,8
4894,4
4895,4
4896,6
4897,4
4898,17
4899,1
4900,0
4901,2
4902,12
4903,10
4904,12
4905,17
4906,2
4907,7
4908,6
4909,9
4910,11
4911,13
4912,7
4913,11
4914,18
4915,4
4916,15
4917,7
4918,11
4919,6
4920,0
4921,1
4922,0
4923,1
4924,6
4925,6
4926,12
4927,6
4928,1
4929,12
4930,9
4931,6
4932,1
4933,14
4934,18
4935,12
4936,0
4937,9
4938,7
4939,1
4940,13
4941,0
4942,6
4943,18
4944,5
4945,6
4946,6
4947,18
4948,16
4949,14
4950,6
4951,8
4952,11
4953,12
4954,12
4955,4
4956,13
4957,12
4958,12
4959,6
4960,6
4961,0
4962,6
4963,15
4964,6
4965,12
4966,6
4967,16
4968,10
4969,7
4970,4
4971,12
4972,12
4973,6
4974,4
4975,7
4976,8
4977,2
4978,18
4979,6
4980,2
4981,7
4982,18
4983,1
4984,8
4985,15
4986,16
4987,14
4988,4
4989,11
4990,12
4991,12
4992,1
4993,2
4994,1
4995,18
4996,16
4997,2
4998,4
4999,4
5000,0
5001,16
5002,11
5003,17
5004,12
5005,16
5006,14
5007,12
5008,8
5009,8
5010,15
5011,12
5012,6
5013,1
5014,6
5015,3
5016,12
5017,5
5018,17
5019,12
5020,6
5021,2
5022,5
5023,16
5024,0
5025,0
5026,2
5027,3
5028,8
5029,2
5030,2
5031,12
5032,11
5033,2
5034,18
5035,9
5036,10
5037,11
5038,6
5039,11
5040,3
5041,6
5042,6
5043,16
5044,4
5045,13
5046,18
5047,17
5048,0
5049,4
5050,8
5051,18
5052,16
5053,10
5054,8
5055,4
5056,1
5057,1
5058,12
5059,12
5060,0
5061,2
5062,1
5063,5
5064,6
5065,5
5066,18
5067,18
5068,11
5069,12
5070,1
5071,11
5072,0
5073,2
5074,12
5075,8
5076,17
5077,12
5078,5
5079,0
5080,15
5081,10
5082,12
5083,4
5084,8
5085,17
5086,16
5087,11
5088,17
5089,5
5090,2
5091,16
5092,16
5093,11
5094,12
5095,7
5096,12
5097,11
5098,7
5099,4
5100,7
5101,5
5102,12
5103,12
5104,17
5105,0
5106,14
5107,14
5108,5
5109,0
5110,4
5111,6
5112,0
5113,12
5114,5
5115,13
5116,11
5117,5
5118,5
5119,15
5120,18
5121,5
5122,2
5123,6
5124,1
5125,3
5126,1
5127,16
5128,8
5129,0
5130,1
5131,17
5132,12
5133,18
5134,5
5135,11
5136,3
5137,6
5138,14
5139,10
5140,6
5141,3
5142,15
5143,8
5144,2
5145,12
5146,15
5147,10
5148,4
5149,2
5150,4
5151,11
5152,4
5153,13
5154,1
5155,0
5156,6
5157,10
5158,6
5159,14
5160,12
5161,1
5162,4
5163,8
5164,9
5165,6
5166,11
5167,10
5168,2
5169,3
5170,12
5171,1
5172,11
5173,12
5174,6
5175,13
5176,12
5177,18
5178,5
5179,13
5180,18
5181,12
5182,0
5183,1
5184,10
5185,16
5186,11
5187,1
5188,11
5189,15
5190,6
5191,12
5192,12
5193,16
5194,12
5195,13
5196,4
5197,6
5198,14
5199,10
5200,6
5201,16
5202,12
5203,16
5204,4
5205,1
5206,1
5207,2
5208,18
5209,2
5210,12
5211,12
5212,6
5213,17
5214,5
5215,15
5216,16
5217,6
5218,7
5219,18
5220,12
5221,0
5222,2
5223,9
5224,4
5225,16
5226,10
5227,12
5228,18
5229,8
5230,15
5231,1
5232,12
5233,12
5234,0
5235,10
5236,3
5237,12
5238,14
5239,1
5240,6
5241,18
5242,8
5243,8
5244,15
5245,1
5246,12
5247,17
5248,12
5249,5
5250,8
5251,15
5252,6
5253,12
5254,13
5255,15
5256,9
5257,4
5258,18
5259,12
5260,10
5261,1
5262,3
5263,6
5264,10
5265,12
5266,12
5267,5
5268,5
5269,11
5270,12
5271,11
5272,6
5273,12
5274,1
5275,10
5276,18
5277,17
5278,5
5279,12
5280,15
5281,3
5282,9
5283,0
5284,12
5285,11
5286,1
5287,11
5288,16
5289,5
5290,18
5291,4
5292,5
5293,0
5294,2
5295,5
5296,6
5297,8
5298,1
5299,8
5300,6
5301,12
5302,18
5303,6
5304,1
5305,6
5306,12
5307,15
5308,1
5309,18
5310,1
5311,6
5312,8
5313,1
5314,15
5315,11
5316,1
5317,1
5318,4
5319,12
5320,1
5321,10
5322,16
5323,9
5324,0
5325,16
5326,11
5327,12
5328,12
5329,6
5330,10
5331,1
5332,1
5333,1
5334,4
5335,11
5336,6
5337,10
5338,12
5339,5
5340,0
5341,12
5342,5
5343,4
5344,3
5345,11
5346,11
5347,12
5348,0
5349,11
5350,1
5351,0
5352,11
5353,1
5354,1
5355,0
5356,1
5357,17
5358,12
5359,15
5360,1
5361,4
5362,15
5363,3
5364,11
5365,6
5366,15
5367,15
5368,3
5369,12
5370,4
5371,5
5372,12
5373,0
5374,4
5375,12
5376,13
5377,4
5378,8
5379,1
5380,15
5381,16
5382,15
5383,14
5384,11
5385,2
5386,15
5387,8
5388,9
5389,0
5390,16
5391,1
5392,0
5393,6
5394,12
5395,2
5396,1
5397,10
5398,6
5399,18
5400,14
5401,13
5402,14
5403,1
5404,6
5405,7
5406,5
5407,2
5408,2
5409,1
5410,2
5411,13
5412,0
5413,4
5414,3
5415,1
5416,9
5417,0
5418,4
5419,17
5420,12
5421,9
5422,5
5423,2
5424,8
5425,4
5426,6
5427,11
5428,6
5429,9
5430,0
5431,2
5432,12
5433,6
5434,5
5435,4
5436,12
5437,18
5438,12
5439,15
5440,18
5441,11
5442,15
5443,18
5444,11
5445,12
5446,0
5447,18
5448,4
5449,4
5450,2
5451,15
5452,1
5453,9
5454,15
5455,8
5456,15
5457,5
5458,10
5459,6
5460,1
5461,15
5462,6
5463,1
5464,6
5465,2
5466,4
5467,9
5468,18
5469,15
5470,1
5471,12
5472,6
5473,15
5474,12
5475,10
5476,15
5477,4
5478,1
5479,8
5480,2
5481,12
5482,15
5483,11
5484,12
5485,0
5486,5
5487,1
5488,6
5489,11
5490,4
5491,8
5492,17
5493,4
5494,4
5495,6
5496,12
5497,6
5498,18
5499,1
5500,11
5501,1
5502,5
5503,8
5504,4
5505,3
5506,3
5507,1
5508,18
5509,8
5510,11
5511,12
5512,1
5513,12
5514,15
5515,8
5516,15
5517,13
5518,11
5519,14
5520,1
5521,5
5522,16
5523,11
5524,1
5525,16
5526,1
5527,11
5528,6
5529,16
5530,12
5531,15
5532,9
5533,15
5534,12
5535,1
5536,13
5537,3
5538,8
5539,15
5540,3
5541,1
5542,4
5543,9
5544,6
5545,6
5546,12
5547,18
5548,6
5549,6
5550,7
5551,5
5552,12
5553,17
5554,8
5555,12
5556,15
5557,3
5558,4
5559,8
5560,0
5561,3
5562,6
5563,11
5564,1
5565,3
5566,6
5567,18
5568,0
5569,15
5570,18
5571,16
5572,1
5573,11
5574,12
5575,16
5576,6
5577,6
5578,11
5579,1
5580,15
5581,6
5582,6
5583,6
5584,10
5585,5
5586,6
5587,0
5588,3
5589,12
5590,15
5591,6
5592,10
5593,1
5594,8
5595,3
5596,12
5597,3
5598,6
5599,7
5600,12
5601,15
5602,12
5603,15
5604,1
5605,6
5606,6
5607,13
5608,11
5609,2
5610,14
5611,12
5612,6
5613,12
5614,6
5615,1
5616,16
5617,6
5618,15
5619,6
5620,1
5621,0
5622,16
5623,18
5624,18
5625,13
5626,6
5627,2
5628,2
5629,12
5630,15
5631,1
5632,6
5633,11
5634,11
5635,16
5636,8
5637,11
5638,6
5639,12
5640,11
5641,1
5642,1
5643,13
5644,1
5645,12
5646,2
5647,10
5648,16
5649,5
5650,12
5651,7
5652,4
5653,13
5654,7
5655,11
5656,13
5657,5
5658,4
5659,18
5660,12
5661,8
5662,1
5663,0
5664,0
5665,6
5666,6
5667,6
5668,10
5669,6
5670,7
5671,15
5672,12
5673,16
5674,16
5675,15
5676,8
5677,11
5678,5
5679,12
5680,5
5681,14
5682,6
5683,8
5684,6
5685,16
5686,11
5687,15
5688,16
5689,1
5690,11
5691,6
5692,1
5693,15
5694,12
5695,11
5696,1
5697,15
5698,0
5699,12
5700,15
5701,18
5702,8
5703,2
5704,9
5705,1
5706,2
5707,4
5708,12
5709,0
5710,3
5711,8
5712,12
5713,0
5714,17
5715,7
5716,15
5717,4
5718,11
5719,5
5720,11
5721,16
5722,10
5723,12
5724,18
5725,15
5726,5
5727,6
5728,15
5729,15
5730,2
5731,0
5732,12
5733,5
5734,6
5735,15
5736,6
5737,13
5738,6
5739,0
5740,4
5741,5
5742,12
5743,12
5744,2
5745,2
5746,4
5747,4
5748,10
5749,14
5750,16
5751,6
5752,4
5753,11
5754,17
5755,16
5756,8
5757,1
5758,10
5759,1
5760,6
5761,8
5762,7
5763,11
5764,12
5765,10
5766,2
5767,8
5768,6
5769,1
5770,1
5771,6
5772,1
5773,12
5774,2
5775,18
5776,16
5777,5
5778,0
5779,15
5780,5
5781,9
5782,8
5783,8
5784,11
5785,2
5786,0
5787,17
5788,5
5789,3
5790,13
5791,11
5792,16
5793,9
5794,6
5795,2
5796,12
5797,12
5798,13
5799,8
5800,1
5801,6
5802,2
5803,6
5804,8
5805,7
5806,10
5807,7
5808,11
5809,1
5810,11
5811,18
5812,12
5813,2
5814,9
5815,15
5816,3
5817,6
5818,0
5819,4
5820,12
5821,5
5822,6
5823,12
5824,2
5825,6
5826,0
5827,5
5828,6
5829,11
5830,1
5831,6
5832,9
5833,6
5834,6
5835,9
5836,12
5837,9
5838,15
5839,11
5840,6
5841,6
5842,8
5843,12
5844,2
5845,9
5846,4
5847,16
5848,6
5849,4
5850,12
5851,12
5852,1
5853,12
5854,0
5855,10
5856,12
5857,6
5858,6
5859,6
5860,6
5861,16
5862,11
5863,8
5864,18
5865,1
5866,12
5867,1
5868,7
5869,12
5870,4
5871,17
5872,11
5873,2
5874,5
5875,2
5876,1
5877,5
5878,17
5879,11
5880,2
5881,4
5882,1
5883,0
5884,6
5885,10
5886,1
5887,1
5888,12
5889,11
5890,8
5891,13
5892,10
5893,10
5894,1
5895,6
5896,16
5897,8
5898,10
5899,1
5900,1
5901,17
5902,13
5903,6
5904,15
5905,5
5906,17
5907,17
5908,11
5909,4
5910,9
5911,8
5912,16
5913,11
5914,1
5915,6
5916,12
5917,5
5918,4
5919,12
5920,16
5921,0
5922,3
5923,2
5924,2
5925,15
5926,11
5927,11
5928,15
5929,1
5930,8
5931,5
5932,5
5933,14
5934,4
5935,15
5936,18
5937,6
5938,10
5939,17
5940,11
5941,6
5942,0
5943,4
5944,12
5945,9
5946,12
5947,8
5948,9
5949,13
5950,17
5951,6
5952,10
5953,0
5954,4
5955,6
5956,17
5957,16
5958,9
5959,8
5960,18
5961,3
5962,11
5963,10
5964,3
5965,7
5966,11
5967,8
5968,5
5969,11
5970,6
5971,1
5972,4
5973,1
5974,1
5975,1
5976,16
5977,12
5978,6
5979,12
5980,17
5981,13
5982,1
5983,15
5984,14
5985,2
5986,12
5987,7
5988,12
5989,8
5990,5
5991,12
5992,6
5993,7
5994,1
5995,0
5996,12
5997,2
5998,6
5999,8
6000,1
6001,12
6002,1
6003,4
6004,5
6005,12
6006,10
6007,2
6008,7
6009,18
6010,15
6011,16
6012,16
6013,16
6014,5
6015,9
6016,7
6017,11
6018,4
6019,15
6020,0
6021,11
6022,0
6023,2
6024,18
6025,8
6026,6
6027,0
6028,8
6029,12
6030,12
6031,16
6032,1
6033,14
6034,8
6035,12
6036,5
6037,11
6038,15
6039,1
6040,18
6041,11
6042,18
6043,2
6044,1
6045,1
6046,7
6047,16
6048,8
6049,4
6050,13
6051,4
6052,2
6053,1
6054,5
6055,6
6056,13
6057,18
6058,5
6059,10
6060,12
6061,11
6062,12
6063,4
6064,8
6065,12
6066,11
6067,7
6068,2
6069,5
6070,0
6071,0
6072,8
6073,12
6074,3
6075,13
6076,7
6077,4
6078,6
6079,6
6080,7
6081,2
6082,13
6083,1
6084,12
6085,1
6086,9
6087,12
6088,11
6089,15
6090,6
6091,8
6092,12
6093,5
6094,2
6095,12
6096,0
6097,15
6098,0
6099,13
6100,18
6101,15
6102,11
6103,4
6104,0
6105,0
6106,6
6107,0
6108,3
6109,2
6110,1
6111,3
6112,13
6113,6
6114,0
6115,1
6116,6
6117,13
6118,13
6119,5
6120,6
6121,9
6122,18
6123,15
6124,4
6125,5
6126,15
6127,8
6128,1
6129,2
6130,12
6131,18
6132,1
6133,10
6134,13
6135,5
6136,8
6137,6
6138,3
6139,16
6140,13
6141,11
6142,1
6143,12
6144,4
6145,0
6146,6
6147,12
6148,1
6149,6
6150,15
6151,11
6152,6
6153,12
6154,1
6155,4
6156,12
6157,4
6158,4
6159,16
6160,6
6161,4
6162,11
6163,7
6164,15
6165,1
6166,4
6167,5
6168,7
6169,1
6170,4
6171,6
6172,5
6173,5
6174,6
6175,5
6176,0
6177,14
6178,8
6179,1
6180,16
6181,7
6182,11
6183,12
6184,18
6185,17
6186,2
6187,16
6188,15
6189,18
6190,6
6191,8
6192,6
6193,15
6194,11
6195,5
6196,12
6197,1
6198,17
6199,6
6200,1
6201,0
6202,12
6203,5
6204,0
6205,6
6206,15
6207,0
6208,15
6209,0
6210,4
6211,16
6212,16
6213,2
6214,4
6215,6
6216,6
6217,1
6218,1
6219,2
6220,16
6221,7
6222,18
6223,15
6224,13
6225,4
6226,8
6227,12
6228,12
6229,16
6230,2
6231,12
6232,0
6233,12
6234,12
6235,14
6236,12
6237,15
6238,6
6239,16
6240,3
6241,1
6242,6
6243,6
6244,1
6245,6
6246,12
6247,4
6248,14
6249,11
6250,5
6251,6
6252,1
6253,4
6254,12
6255,12
6256,6
6257,9
6258,1
6259,12
6260,2
6261,1
6262,8
6263,9
6264,13
6265,4
6266,6
6267,8
6268,15
6269,11
6270,14
6271,13
6272,1
6273,12
6274,11
6275,9
6276,15
6277,6
6278,1
6279,5
6280,16
6281,9
6282,6
6283,0
6284,0
6285,15
6286,16
6287,6
6288,6
6289,3
6290,18
6291,15
6292,6
6293,6
6294,12
6295,10
6296,11
6297,9
6298,13
6299,1
6300,7
6301,4
6302,12
6303,15
6304,18
6305,12
6306,11
6307,18
6308,3
6309,4
6310,4
6311,0
6312,16
6313,17
6314,7
6315,12
6316,1
6317,6
6318,11
6319,10
6320,11
6321,6
6322,7
6323,10
6324,1
6325,15
6326,2
6327,4
6328,10
6329,13
6330,4
6331,12
6332,4
6333,6
6334,8
6335,16
6336,11
6337,5
6338,9
6339,15
6340,11
6341,16
6342,1
6343,6
6344,14
6345,3
6346,18
6347,12
6348,15
6349,6
6350,8
6351,5
6352,17
6353,18
6354,12
6355,1
6356,17
6357,12
6358,10
6359,18
6360,7
6361,8
6362,12
6363,6
6364,16
6365,5
6366,1
6367,8
6368,6
6369,1
6370,4
6371,3
6372,18
6373,4
6374,1
6375,11
6376,16
6377,7
6378,6
6379,12
6380,1
6381,4
6382,15
6383,5
6384,9
6385,3
6386,18
6387,1
6388,6
6389,4
6390,11
6391,12
6392,12
6393,17
6394,4
6395,3
6396,8
6397,17
6398,12
6399,2
6400,12
6401,7
6402,15
6403,17
6404,2
6405,6
6406,2
6407,3
6408,15
6409,10
6410,10
6411,15
6412,1
6413,1
6414,2
6415,3
6416,0
6417,1
6418,1
6419,12
6420,17
6421,15
6422,14
6423,6
6424,4
6425,2
6426,6
6427,6
6428,18
6429,14
6430,14
6431,8
6432,5
6433,4
6434,7
6435,18
6436,11
6437,13
6438,0
6439,7
6440,5
6441,3
6442,12
6443,4
6444,2
6445,18
6446,15
6447,6
6448,6
6449,16
6450,0
6451,12
6452,11
6453,13
6454,12
6455,4
6456,10
6457,4
6458,15
6459,17
6460,11
6461,16
6462,13
6463,4
6464,0
6465,15
6466,6
6467,11
6468,16
6469,18
6470,0
6471,6
6472,4
6473,11
6474,16
6475,4
6476,3
6477,2
6478,12
6479,17
6480,11
6481,13
6482,4
6483,6
6484,17
6485,10
6486,11
6487,6
6488,3
6489,4
6490,10
6491,15
6492,1
6493,17
6494,15
6495,1
6496,12
6497,4
6498,12
6499,15
6500,2
6501,16
6502,0
6503,1
6504,5
6505,11
6506,6
6507,5
6508,16
6509,14
6510,6
6511,6
6512,11
6513,6
6514,4
6515,4
6516,11
6517,3
6518,2
6519,18
6520,12
6521,6
6522,1
6523,15
6524,8
6525,1
6526,16
6527,8
6528,2
6529,6
6530,7
6531,2
6532,17
6533,1
6534,13
6535,12
6536,11
6537,0
6538,17
6539,6
6540,8
6541,6
6542,17
6543,11
6544,18
6545,8
6546,17
6547,6
6548,4
6549,12
6550,16
6551,7
6552,12
6553,10
6554,1
6555,0
6556,0
6557,6
6558,16
6559,18
6560,18
6561,0
6562,9
6563,11
6564,13
6565,15
6566,10
6567,12
6568,6
6569,6
6570,1
6571,0
6572,1
6573,1
6574,6
6575,4
6576,0
6577,15
6578,11
6579,5
6580,15
6581,7
6582,15
6583,2
6584,12
6585,9
6586,1
6587,5
6588,2
6589,13
6590,11
6591,1
6592,14
6593,6
6594,18
6595,11
6596,7
6597,12
6598,8
6599,18
6600,4
6601,1
6602,6
6603,12
6604,18
6605,13
6606,12
6607,5
6608,13
6609,2
6610,4
6611,12
6612,6
6613,8
6614,2
6615,16
6616,13
6617,12
6618,1
6619,12
6620,7
6621,5
6622,6
6623,12
6624,6
6625,8
6626,15
6627,1
6628,14
6629,12
6630,6
6631,0
6632,8
6633,0
6634,15
6635,10
6636,6
6637,1
6638,5
6639,7
6640,12
6641,10
6642,2
6643,16
6644,3
6645,2
6646,0
6647,17
6648,15
6649,8
6650,10
6651,9
6652,14
6653,15
6654,17
6655,12
6656,4
6657,1
6658,1
6659,13
6660,5
6661,12
6662,16
6663,2
6664,0
6665,1
6666,8
6667,2
6668,7
6669,2
6670,4
6671,8
6672,18
6673,15
6674,2
6675,9
6676,10
6677,4
6678,10
6679,17
6680,2
6681,15
6682,7
6683,3
6684,16
6685,11
6686,5
6687,18
6688,4
6689,8
6690,8
6691,8
6692,6
6693,17
6694,4
6695,0
6696,4
6697,16
6698,8
6699,10
6700,1
6701,12
6702,17
6703,5
6704,6
6705,9
6706,4
6707,4
6708,12
6709,17
6710,3
6711,0
6712,4
6713,7
6714,1
6715,4
6716,2
6717,4
6718,10
6719,4
6720,0
6721,4
6722,16
6723,1
6724,11
6725,0
6726,2
6727,18
6728,17
6729,4
6730,16
6731,12
6732,2
6733,6
6734,0
6735,2
6736,12
6737,12
6738,4
6739,1
6740,16
6741,12
6742,8
6743,12
6744,5
6745,3
6746,8
6747,6
6748,0
6749,1
6750,17
6751,10
6752,15
6753,16
6754,6
6755,1
6756,6
6757,12
6758,15
6759,5
6760,9
6761,12
6762,11
6763,14
6764,0
6765,6
6766,1
6767,12
6768,11
6769,14
6770,6
6771,8
6772,13
6773,5
6774,12
6775,1
6776,4
6777,16
6778,6
6779,15
6780,13
6781,11
6782,1
6783,12
6784,6
6785,3
6786,5
6787,6
6788,9
6789,18
6790,15
6791,4
6792,6
6793,4
6794,1
6795,12
6796,5
6797,8
6798,10
6799,1
6800,6
6801,16
6802,12
6803,2
6804,7
6805,6
6806,17
6807,16
6808,6
6809,15
6810,9
6811,16
6812,15
6813,1
6814,10
6815,15
6816,4
6817,3
6818,1
6819,13
6820,13
6821,6
6822,6
6823,0
6824,1
6825,14
6826,0
6827,10
6828,1
6829,0
6830,1
6831,7
6832,12
6833,1
6834,12
6835,11
6836,7
6837,11
6838,4
6839,11
6840,5
6841,12
6842,11
6843,16
6844,1
6845,12
6846,18
6847,18
6848,1
6849,15
6850,15
6851,8
6852,12
6853,6
6854,0
6855,6
6856,7
6857,6
6858,4
6859,6
6860,18
6861,15
6862,13
6863,12
6864,12
6865,15
6866,0
6867,11
6868,15
6869,1
6870,6
6871,0
6872,18
6873,11
6874,8
6875,6
6876,4
6877,10
6878,7
6879,0
6880,6
6881,15
6882,6
6883,9
6884,11
6885,6
6886,16
6887,10
6888,1
6889,12
6890,12
6891,1
6892,6
6893,6
6894,2
6895,11
6896,4
6897,2
6898,3
6899,11
6900,1
6901,6
6902,1
6903,1
6904,11
6905,2
6906,2
6907,1
6908,6
6909,1
6910,4
6911,12
6912,12
6913,4
6914,11
6915,12
6916,15
6917,11
6918,10
6919,5
6920,6
6921,6
6922,3
6923,4
6924,18
6925,10
6926,5
6927,11
6928,18
6929,0
6930,1
6931,10
6932,6
6933,13
6934,18
6935,4
6936,8
6937,6
6938,9
6939,15
6940,8
6941,1
6942,13
6943,0
6944,14
6945,6
6946,7
6947,9
6948,8
6949,1
6950,5
6951,16
6952,12
6953,6
6954,9
6955,10
6956,5
6957,10
6958,7
6959,4
6960,3
6961,2
6962,12
6963,11
6964,18
6965,3
6966,5
6967,8
6968,16
6969,4
6970,12
6971,1
6972,13
6973,7
6974,10
6975,6
6976,6
6977,12
6978,13
6979,4
6980,6
6981,7
6982,6
6983,1
6984,11
6985,15
6986,17
6987,1
6988,12
6989,8
6990,12
6991,14
6992,11
6993,5
6994,1
6995,15
6996,9
6997,5
6998,0
6999,11
7000,3
7001,12
7002,16
7003,6
7004,16
7005,13
7006,6
7007,1
7008,12
7009,15
7010,0
7011,7
7012,18
7013,15
7014,8
7015,15
7016,6
7017,6
7018,4
7019,12
7020,0
7021,1
7022,12
7023,2
7024,11
7025,12
7026,11
7027,1
7028,1
7029,6
7030,15
7031,3
7032,12
7033,10
7034,16
7035,5
7036,17
7037,10
7038,6
7039,0
7040,11
7041,1
7042,9
7043,1
7044,2
7045,13
7046,12
7047,6
7048,18
7049,14
7050,11
7051,5
7052,6
7053,3
7054,6
7055,0
7056,9
7057,16
7058,1
7059,12
7060,6
7061,0
7062,17
7063,16
7064,5
7065,4
7066,18
7067,16
7068,4
7069,11
7070,15
7071,12
7072,10
7073,11
7074,13
7075,11
7076,18
7077,1
7078,12
7079,10
7080,12
7081,12
7082,12
7083,12
7084,11
7085,12
7086,9
7087,3
7088,11
7089,9
7090,8
7091,1
7092,7
7093,11
7094,14
7095,1
7096,17
7097,9
7098,1
7099,6
7100,0
7101,7
7102,2
7103,3
7104,6
7105,8
7106,8
7107,6
7108,7
7109,6
7110,15
7111,16
7112,4
7113,18
7114,7
7115,12
7116,0
7117,1
7118,8
7119,15
7120,16
7121,1
7122,11
7123,16
7124,3
7125,12
7126,6
7127,5
7128,15
7129,12
7130,8
7131,12
7132,12
7133,1
7134,6
7135,2
7136,0
7137,6
7138,3
7139,15
7140,15
7141,8
7142,15
7143,12
7144,6
7145,11
7146,8
7147,15
7148,3
7149,5
7150,13
7151,5
7152,12
7153,0
7154,8
7155,1
7156,1
7157,2
7158,6
7159,6
7160,12
7161,3
7162,6
7163,11
7164,1
7165,6
7166,16
7167,8
7168,17
7169,1
7170,4
7171,6
7172,6
7173,16
7174,12
7175,6
7176,13
7177,6
7178,18
7179,6
7180,9
7181,16
7182,13
7183,8
7184,8
7185,1
7186,7
7187,11
7188,6
7189,6
7190,1
7191,7
7192,4
7193,18
7194,10
7195,6
7196,2
7197,17
7198,15
7199,3
7200,11
7201,12
7202,14
7203,12
7204,2
7205,8
7206,16
7207,12
7208,12
7209,11
7210,17
7211,15
7212,17
7213,3
7214,6
7215,1
7216,0
7217,11
7218,8
7219,4
7220,4
7221,0
7222,4
7223,6
7224,4
7225,6
7226,1
7227,6
7228,0
7229,10
7230,16
7231,1
7232,3
7233,6
7234,3
7235,13
7236,16
7237,6
7238,18
7239,18
7240,18
7241,11
7242,2
7243,6
7244,8
7245,8
7246,15
7247,1
7248,6
7249,9
7250,12
7251,13
7252,6
7253,15
7254,12
7255,8
7256,2
7257,15
7258,18
7259,0
7260,12
7261,7
7262,7
7263,16
7264,11
7265,3
7266,2
7267,3
7268,8
7269,0
7270,12
7271,4
7272,1
7273,15
7274,10
7275,9
7276,6
7277,7
7278,5
7279,18
7280,18
7281,6
7282,11
7283,16
7284,6
7285,18
7286,14
7287,11
7288,10
7289,15
7290,1
7291,7
7292,6
7293,11
7294,18
7295,12
7296,0
7297,15
7298,5
7299,5
7300,2
7301,4
7302,0
7303,12
7304,2
7305,11
7306,15
7307,6
7308,2
7309,4
7310,15
7311,5
7312,12
7313,0
7314,6
7315,4
7316,14
7317,14
7318,6
7319,6
7320,0
7321,9
7322,15
7323,9
7324,15
7325,15
7326,10
7327,4
7328,18
7329,12
7330,17
7331,18
7332,9
7333,15
7334,16
7335,6
7336,2
7337,18
7338,17
7339,7
7340,5
7341,7
7342,8
7343,12
7344,5
7345,2
7346,2
7347,9
7348,1
7349,0
7350,15
7351,0
7352,15
7353,12
7354,11
7355,8
7356,13
7357,4
7358,0
7359,1
7360,5
7361,10
7362,12
7363,9
7364,12
7365,3
7366,10
7367,11
7368,12
7369,2
7370,12
7371,11
7372,11
7373,13
7374,15
7375,1
7376,11
7377,1
7378,15
7379,3
7380,8
7381,6
7382,4
7383,12
7384,12
7385,6
7386,1
7387,11
7388,12
7389,10
7390,8
7391,18
7392,0
7393,12
7394,0
7395,1
7396,12
7397,3
7398,18
7399,17
7400,14
7401,8
7402,13
7403,5
7404,14
7405,4
7406,5
7407,6
7408,6
7409,12
7410,11
7411,12
7412,11
7413,1
7414,14
7415,15
7416,6
7417,12
7418,8
7419,0
7420,6
7421,18
7422,7
7423,12
7424,15
7425,18
7426,11
7427,5
7428,9
7429,14
7430,1
7431,17
7432,18
7433,2
7434,0
7435,9
7436,6
7437,11
7438,6
7439,6
7440,8
7441,1
7442,11
7443,5
7444,12
7445,18
7446,6
7447,4
7448,11
7449,6
7450,10
7451,2
7452,8
7453,17
7454,12
7455,12
7456,1
7457,0
7458,9
7459,6
7460,7
7461,8
7462,11
7463,6
7464,4
7465,5
7466,11
7467,17
7468,15
7469,16
7470,3
7471,1
7472,1
7473,2
7474,12
7475,1
7476,18
7477,9
7478,12
7479,15
7480,18
7481,15
7482,13
7483,12
7484,4
7485,3
7486,16
7487,11
7488,4
7489,12
7490,10
7491,0
7492,1
7493,3
7494,16
7495,3
7496,5
7497,15
7498,12
7499,0
